Variable 1,Variable 2,Corr√©lation
num_jour_semaine,week_end,0.7913725791708611
week_end,num_jour_semaine,0.7913725791708611
heure,soir,0.7506990808256656
soir,heure,0.7506990808256656
comptage_horaire,heure,0.28038160044138255
heure,comptage_horaire,0.28038160044138255
heure,apres_midi,0.24975762881747451
apres_midi,heure,0.24975762881747451
t,mois,0.2355068263085506
mois,t,0.2355068263085506
t,apres_midi,0.20780029598433308
apres_midi,t,0.20780029598433308
t,comptage_horaire,0.17277070867088992
comptage_horaire,t,0.17277070867088992
soir,comptage_horaire,0.1664930861134433
comptage_horaire,soir,0.1664930861134433
vacances,t,0.16288085903521551
t,vacances,0.16288085903521551
heure,t,0.15646590263890486
t,heure,0.15646590263890486
apres_midi,comptage_horaire,0.11712495909710748
comptage_horaire,apres_midi,0.11712495909710748
mois,vacances,0.09651782701077385
vacances,mois,0.09651782701077385
week_end,vacances,0.09052353080071589
vacances,week_end,0.09052353080071589
comptage_horaire,matin,0.06352427854079358
matin,comptage_horaire,0.06352427854079358
num_jour_semaine,vacances,0.06122212781315428
vacances,num_jour_semaine,0.06122212781315428
mois,pluvieux,0.06039747987019727
pluvieux,mois,0.06039747987019727
t,num_jour_semaine,0.026124391334381224
num_jour_semaine,t,0.026124391334381224
pluvieux,apres_midi,0.025173694816477743
apres_midi,pluvieux,0.025173694816477743
mois,id_compteur,0.022935002828993457
id_compteur,mois,0.022935002828993457
soir,t,0.019065955033904777
t,soir,0.019065955033904777
vacances,pluvieux,0.014650191933570521
pluvieux,vacances,0.014650191933570521
num_jour_semaine,mois,0.013347315517143056
mois,num_jour_semaine,0.013347315517143056
id_compteur,t,0.009886649796037263
t,id_compteur,0.009886649796037263
mois,comptage_horaire,0.009762559140865401
comptage_horaire,mois,0.009762559140865401
week_end,mois,0.009337579713831694
mois,week_end,0.009337579713831694
vacances,id_compteur,0.008949449221790263
id_compteur,vacances,0.008949449221790263
pluvieux,matin,0.006323220135684337
matin,pluvieux,0.006323220135684337
week_end,t,0.005131840489769774
t,week_end,0.005131840489769774
pluvieux,heure,0.0027426061342465816
heure,pluvieux,0.0027426061342465816
pluvieux,week_end,0.0016401966593084993
week_end,pluvieux,0.0016401966593084993
mois,nuit,0.0013826256765476792
nuit,mois,0.0013826256765476792
id_compteur,num_jour_semaine,0.001074018425010145
num_jour_semaine,id_compteur,0.001074018425010145
week_end,heure,0.0008820811936106361
heure,week_end,0.0008820811936106361
num_jour_semaine,heure,0.0007742405635907865
heure,num_jour_semaine,0.0007742405635907865
vacances,heure,0.0007630319900692287
heure,vacances,0.0007630319900692287
matin,week_end,0.0005908271956384072
week_end,matin,0.0005908271956384072
num_jour_semaine,matin,0.0005633756735540336
matin,num_jour_semaine,0.0005633756735540336
week_end,apres_midi,0.0003779914725156984
apres_midi,week_end,0.0003779914725156984
vacances,apres_midi,0.0003488105065370473
apres_midi,vacances,0.0003488105065370473
num_jour_semaine,apres_midi,0.0003426963579659052
apres_midi,num_jour_semaine,0.0003426963579659052
id_compteur,week_end,0.0003147035446115208
week_end,id_compteur,0.0003147035446115208
vacances,soir,0.0003000705597648821
soir,vacances,0.0003000705597648821
soir,week_end,0.0002563185607654313
week_end,soir,0.0002563185607654313
vacances,matin,0.00023347284564699688
matin,vacances,0.00023347284564699688
soir,num_jour_semaine,0.00020132592486931167
num_jour_semaine,soir,0.00020132592486931167
id_compteur,soir,0.00018861253115348426
soir,id_compteur,0.00018861253115348426
heure,id_compteur,0.00015186286344189953
id_compteur,heure,0.00015186286344189953
apres_midi,id_compteur,1.762153580040702e-05
id_compteur,apres_midi,1.762153580040702e-05
id_compteur,nuit,-8.473567966032007e-06
nuit,id_compteur,-8.473567966032007e-06
matin,id_compteur,-0.00019784319033730734
id_compteur,matin,-0.00019784319033730734
apres_midi,mois,-0.00043640993870106926
mois,apres_midi,-0.00043640993870106926
mois,matin,-0.00043964406331313885
matin,mois,-0.00043964406331313885
mois,soir,-0.0005052872205341841
soir,mois,-0.0005052872205341841
vacances,nuit,-0.0008831865013167747
nuit,vacances,-0.0008831865013167747
pluvieux,id_compteur,-0.0010706526235639887
id_compteur,pluvieux,-0.0010706526235639887
nuit,num_jour_semaine,-0.0011083481879003844
num_jour_semaine,nuit,-0.0011083481879003844
mois,heure,-0.0011754423419347323
heure,mois,-0.0011754423419347323
week_end,nuit,-0.0012262009061785296
nuit,week_end,-0.0012262009061785296
num_jour_semaine,pluvieux,-0.006716541112499539
pluvieux,num_jour_semaine,-0.006716541112499539
id_compteur,comptage_horaire,-0.007802708542172996
comptage_horaire,id_compteur,-0.007802708542172996
nuit,pluvieux,-0.014076924324445617
pluvieux,nuit,-0.014076924324445617
soir,pluvieux,-0.017430635240685596
pluvieux,soir,-0.017430635240685596
pluvieux,comptage_horaire,-0.05101506894300339
comptage_horaire,pluvieux,-0.05101506894300339
matin,t,-0.058966108378747606
t,matin,-0.058966108378747606
pluvieux,t,-0.06746914217741606
t,pluvieux,-0.06746914217741606
comptage_horaire,vacances,-0.10497322959345629
vacances,comptage_horaire,-0.10497322959345629
comptage_horaire,num_jour_semaine,-0.10753616205435548
num_jour_semaine,comptage_horaire,-0.10753616205435548
comptage_horaire,week_end,-0.1310226290669841
week_end,comptage_horaire,-0.1310226290669841
nuit,t,-0.16808600494352002
t,nuit,-0.16808600494352002
matin,heure,-0.25097109454177097
heure,matin,-0.25097109454177097
matin,nuit,-0.3328760614333816
nuit,matin,-0.3328760614333816
nuit,apres_midi,-0.33307316272620424
apres_midi,nuit,-0.33307316272620424
soir,nuit,-0.3331288877136816
nuit,soir,-0.3331288877136816
matin,apres_midi,-0.3335374263122519
apres_midi,matin,-0.3335374263122519
soir,matin,-0.33359322897359134
matin,soir,-0.33359322897359134
apres_midi,soir,-0.33379075491289023
soir,apres_midi,-0.33379075491289023
comptage_horaire,nuit,-0.34748232709885174
nuit,comptage_horaire,-0.34748232709885174
heure,nuit,-0.7503673298127375
nuit,heure,-0.7503673298127375
